THE_BAD_WORD,IGNORE_IN_COMBINATION_WITH
-----EXAMPLE-----,
-----APPS-----,
whatsapp,
-----DUTCH-----,
aardappels afgieteng,
achter het raam zitten,
afberen,
aflebberen,
afrossen,
afrukken,
aftrekken,
afwerkplaats,
afzeiken,
afzuigen,
anderhalve man en een paardekop,
anita,
asbak,
bagger schijten,
balen,
bedonderen,
befborstelg,
beffen,
bekken,
belazeren,
besodemieterd zijn,
besodemieteren,
beurt,
boemelen,
boerelul,
boerenpummelg,
bokkelul,
botergeil,
broekhoesten,
brugpieperg,
buffelen,
buiten de pot piesen,
da's kloten van de bok,
de ballen,
de hoer spelen,
de hond uitlaten,
de koffer induiken,
delg,
de pijp aan maarten geven,
de pijp uitgaan,
dombo,
draaikontg,
driehoog achter wonen,
drolg,
drooggeiler,
droogkloot,
een beurt geven,
een nummertje maken,
een wip maken,
eikel,
engerd,
flamoes,
flikken,
flikker,
gadverdamme,
galbak,
gedoogzone,
geilneef,
gesodemieter,
godverdomme,
graftak,
gras maaien,
gratenkutg,
greppeldel,
hoempert,
hoer,
hoerenbuurt,
hoerenloper,
hoerig,
hufter,
huisdealer,
johny,
kanen,
kettingzeugg,
klaarkomen,
klerebeer,
klooien,
klootjesvolk,
klootoog,
klootzak,
kloten,
kontg,
kontneuken,
krentekakker,
kuttelikkertje,
kwakkieg,
liefdesgrot,
lul-de-behanger,
lulhannes,
lummel,
mafketel,
matennaaierg,
matje,
mutsg,
naaien,
naakt,
neuken,
neukstier,
oetlul,
opgeilen,
opkankeren,
oprotten,
opsodemieteren,
op z'n hondjes,
op z'n sodemieter geven,
opzouten,
ouwehoer,
ouwehoeren,
ouwe rukker,
paardelul,
penozeg,
piesen,
piemel,
pijpbekkieg,
pijpen,
pleurislaaier,
poepen,
portiekslet,
potverdorie,
publiciteitsgeil,
raaskallen,
reetridder,
"reet trappen, voor zijn",
remsporeng,
reutelen,
rothoer,
rotzak,
rukhond,
rukken,
schatje,
schijt,
schijten,
schoft,
schuinsmarcheerder,
shit,
slempen,
sletg,
sletterig,
slik mijn zaad,
snolg,
spuiten,
standje,
standje-69g,
stoephoer,
stootje,
strontg,
sufferdg,
tapijtnek,
teefg,
temeier,
teringlijer,
toeter,
tongzoeng,
triootjeg,
trottoir prostituée,
trottoirteef,
vergallen,
verkloten,
verneuken,
viespeuk,
vingeren,
vleesroos,
voor jan lul,
voor jan-met-de-korte-achternaam,
watje,
welzijnsmafia,
wippen,
wuftje,
zaadje,
zakkenwasser,
zeiken,
zeiker,
zuigen,
zuiplap,
------ENGLISH------,
2g1c,
2 girls 1 cup,
acrotomophilia,
alabama hot pocket,
alaskan pipeline,
anal,
anilingus,
anus,
apeshit,
arsehole,
DISABLEDass,bass_
asshole,
assmunch,
auto erotic,
autoerotic,
babeland,
baby batter,
baby juice,
ball gag,
ball gravy,
ball kicking,
ball licking,
ball sack,
ball sucking,
bangbros,
bareback,
barely legal,
barenaked,
bastard,
bastardo,
bastinado,
beaner,
beaners,
beaver cleaver,
beaver lips,
bestiality,
big black,
big breasts,
big knockers,
big tits,
bimbos,
birdlock,
bitches,
black cock,
blonde action,
blonde on blonde action,
blowjob,
blow job,
blow your load,
blue waffle,
blumpkin,
bollocks,
bondage,
boner,
boob,
boobs,
booty call,
brown showers,
brunette action,
bukkake,
bulldyke,
bullet vibe,
bullshit,
bung hole,
bunghole,
busty,
buttcheeks,
butthole,
camel toe,
camgirl,
camslut,
camwhore,
carpet muncher,
carpetmuncher,
chocolate rosebuds,
circlejerk,
cleveland steamer,
clitoris,
clover clamps,
clusterfuck,
cock,
cocks,
coprolagnia,
coprophilia,
cornhole,
coon,
coons,
creampie,
cumming,
cunnilingus,
cunt,
darkie,
date rape,
daterape,
deep throat,
deepthroat,
dendrophilia,
dildo,
dingleberry,
dingleberries,
dirty pillows,
dirty sanchez,
doggie style,
doggiestyle,
doggy style,
doggystyle,
dog style,
dolcett,
domination,
dominatrix,
dommes,
donkey punch,
double dong,
double penetration,
dp action,
dry hump,
eat my ass,
ecchi,
ejaculation,
erotic,
erotism,
escort,
eunuch,
faggot,
fecal,
fellatio,
feltch,
female squirting,
femdom,
figging,
fingerbang,
fingering,
fisting,
foot fetish,
footjob,
frotting,
fuck,
fuck buttons,
fuckin,
fucking,
fucktards,
fudge packer,
fudgepacker,
futanari,
gang bang,
gay sex,
genitals,
giant cock,
girl on top,
girls gone wild,
goatcx,
goatse,
god damn,
gokkun,
golden shower,
goodpoop,
goo girl,
goregasm,
grope,
group sex,
g-spot,
hand job,
handjob,
hard core,
hardcore,
hentai,
homoerotic,
honkey,
hooker,
hot carl,
hot chick,
how to kill,
how to murder,
huge fat,
humping,
incest,
intercourse,
jack off,
jail bait,
jailbait,
jelly donut,
jerk off,
jigaboo,
jiggaboo,
jiggerboo,
jizz,
juggs,
kike,
kinbaku,
kinkster,
kinky,
knobbing,
leather restraint,
leather straight jacket,
lemon party,
lolita,
lovemaking,
make me come,
male squirting,
masturbate,
menage a trois,
milf,
missionary position,
motherfucker,
mound of venus,
mr hands,
muff diver,
muffdiving,
nambla,
nawashi,
negro,
neonazi,
nigga,
nigger,
nig nog,
nimphomania,
nipple,
nipples,
nsfw images,
nude,
nudity,
nympho,
nymphomania,
octopussy,
omorashi,
one cup two girls,
one guy one jar,
orgasm,
orgy,
paedophile,
paki,pakistan
panties,
panty,
pedobear,
pedophile,
pegging,
penis,
phone sex,
piece of shit,
pissing,
piss pig,
pisspig,
playboy,
pleasure chest,
pole smoker,
ponyplay,
poontang,
punany,
poop chute,
poopchute,
porn,
porno,
pornography,
prince albert piercing,
pubes,
pussy,
queaf,
queef,
quim,
raghead,
raging boner,
raping,
rapist,
rectum,
reverse cowgirl,
rimjob,
rimming,
rosy palm,
rosy palm and her 5 sisters,
rusty trombone,
sadism,
santorum,
schlong,
scissoring,
semen,
shaved beaver,
shaved pussy,
shemale,
shibari,
shit,
shitblimp,
shitty,
shota,
shrimping,
skeet,
slanteye,
slut,
s&m,
smut,
snatch,
snowballing,
sodomize,
sodomy,
splooge,
splooge moose,
spooge,
spread legs,
spunk,
strap on,
strapon,
strappado,
strip club,
style doggy,
suck,
sucks,
suicide girls,
sultry women,
swastika,
swinger,
tainted love,
taste my,
tea bagging,
threesome,
throating,
tied up,
tight white,
tits,
titties,
titty,
tongue in a,
topless,
tosser,
towelhead,
tranny,
tribadism,
tub girl,
tubgirl,
tushy,
twat,
twink,
twinkie,
two girls one cup,
undressing,
upskirt,
urethra play,
urophilia,
vagina,
venus mound,
vibrator,
violet wand,
vorarephilia,
voyeur,
vulva,
wank,
wetback,
wet dream,
white power,
wrapping men,
wrinkled starfish,
yaoi,
yellow showers,
yiffy,
zoophilia,
같은 새끼,
개.웃,
개간,
럼들,
시부럴,
시뷰럴,
씨부럴,
씨뷰럴,
시부렬,
시뷰렬,
씨부렬,
씨뷰렬,
쳐받는,
그따구,
닝기리,
스벌,
호로잡,
개공감,
개나
소나,
개나소나,
개넷,
개년,
개념빠가,
개독,
개련,
개망,
개무시,
개무시,
개무식,
개민폐,
개별로,
개부랄,
개빡,
개사이다,
개새기,
개새끼,
개 새끼,
죶,
개섹,
개셈,
개소리,
개자식,
계새끼,
개저씨,
김치녀,
맘충,
엿같,
존낙,
젖 같,
졏 같,
닥치세,
슈벌,
슈우벌,
빻은,
빻았,
오진다,
오져,
골 빈,
골1빈,
골빈,
글러 먹,
글러먹,
노네들,
관.종,
관1종,
관종,
괘새끼,
구1씹,
구씹,
그1켬,
그나물에,
그따위,
그지 같,
그지같,
까내리,
껒여,
꼬라지,
꼴갑,
꼴값,
꼴깝,
꼴랑,
꼴보기,
꼴뵈기,
ㄴ1ㅇㄱ,
ㄴㅇ1ㄱ,
ㄴㅇㄱ,
나;,
나빼썅,
넌씨눈,
년놈,
노무노무,
노알라,
서치해,
핑끄,
꼬라지,
늬믜,
늬미,
니년,
니믜,
니미럴,
니애미,
대가리,
머갈,
대갈,
더럽네,
정병,
뚝배기,
덜떨어,
도랏,
도랐,
시바알,
도른,
돌앗구만,
돌앗나,
돌앗네,
돌았구만,
은새끼,
씨벌,
돌았나,
돌았네,
둄마,
뒈져,
뒤져야,
쓰레기새,
쓰레기 새,
씹뻐럴,
또라인,
개마이,
시펄,
쉬펄,
쉬버,
미친개,
뇌피셜,
뇌텅,
뇌 텅,
뇌1텅,
뒤져라,
뒤져버,
씨뻘,
찝째끼,
뒤져야지,
뒤져요,
뒤졌,
뒤지겠,
뒤지고싶,
디지고,
D지고,
D쥐고,
끼리끼리,
개돼지,
씹못,
시바류,
시바,
시바라지,
졸라,
개같이,
빡새끼,
디져라,
새끼야,
찌질한,
ㅉ질한,
아오ㅅㅂ,
아오,
ㅅㅂ,
친구년,
오지고,
오지구,
오지네,
오졌,
오지는,
오찌고,
오찌구,
오찌네,
오쪘,
오쪗,
5지,
오g,
오z,
5쪗,
5졌,
5지구,
5지고,
5지네,
o졌,
o지구,
o지고,
o지네,
ㅈ리,
G리,
g리,
Z리,
z리,
뇌텅,
머리텅,
쪼다,
새끼라,
뒤지길,
뒤진다,
뒤질,
디졌,
디질,
딴년,
도라이,
또라이,
똘아이,
똥멍청,
런년,
레1친,
레기같,
레기네,
레기다,
레친,
롬들,
ㅁㅊ,
ㅁ친,
내뱉,
막내뱉,
먹1금,
먹금,
소리,
멍멍소리,
멍멍소리,
멍멍이소리,
명존,
무개념,
뭐래는,
뭐임,
뭐저래,
뭔솔,
믜칀,
믜친,
미1친,
미시친발,
미쳣네,
미쳤나,
미쳤니,
미췬,
미칀,
미친ㅋ,
미친새,
미친색,
죽여버리고,
죽여뿌고,
죽여불고,
캐럿닷컴,
미틴,
및힌,
ㅂㄹ,
ㅂㅊ,
ㅂ크,
발놈,
방점뱅,
별창,
병1신,
병1크,
병맛,
병신,
병크,
븅신,
빠큐,
뻐규,
뻐큐,
뻑유,
뻑큐,
뻨큐,
뼈큐,
뽄새,
뽄세,
ㅄ,
ㅅㅂ,
ㅅ.ㅂ,
ㅅ1ㅂ,
ㅅ1발,
ㅅㄲ네,
ㅅㄲ들,
ㅅ루,
ㅅㅋ,
ㅅㅡ루,
새1끼,
새1키,
새77ㅣ,
새퀴,
새킈,
새키,
색희,
색히,
샊기,
샊히,
샹년,
섀키,
섬숭이,
성괴,
솔1친,
솔친,
수준하고는,
쉬이바,
쉬이이,
쉬이이이,
쉬이이이이,
슈1발,
슈레기,
슈발,
슈ㅣ발,
스.루,
스ㄹㅜ,
슨상님,
싑창,
시1발,
이새끼,
시미발친,
시미친발,
시발,
시새발끼,
씨새발끼,
시부울,
시방새,
시벌탱,
시볼탱,
시빨,
시이발,
시친발미,
시키가,
시팔,
거지같은,
나쁜 새끼,
개련,
다꺼져,
십창,
십팔,
ㅆ1ㄺ,
ㅆ1ㅂ,
ㅆㄹㄱ,
ㅆㄺ,
ㅆㅂ,
싸가지 없,
싸가지없,
쌍년,
쌍놈,
쌔끼,
썅,
썌끼,
쒸펄,
쓰1레기,
쓰렉,
쓰루,
씝창,
씨1발,
씨걸,
씨바라,
씨발,
씨방새,
씨벌탱,
씨볼탱,
씨빨,
시바앙,
시바시바,
쉬발,
개년,
쳐마,
개쩌,
개 같,
ㅂㅁㄱ,
처먹,
씨이발,
씨팔,
씹귀,
씹덕,
씹새끼,
씨빠빠,
사새끼,
씨바알,
씹창,
씹치,
씹팔,
씹할,
ㅇㅍㅊㅌ,
ㅇㅒ쁜,
아닥,
아오
시바,
아오시바,
안물안궁,
앰창,
엠생,
엠창,
엿이나,
예.질,
예1질,
예질,
옘병,
오오미,
오크,
왜저럼,
외1퀴,
외퀴,
은년,
이따위,
인간말종,
입 털,
입털,
ㅈㄴ,
ㅈ.ㄴ,
ㄱㄷ,
ㅈㄹ,
자업자득,
작작,
저따위,
절라,
정떨,
정신나갓,
정신나갔,
젼나,
젼낰,
졀라,
졀리,
졌같은,
조낸,
조녜,
조온,
조온나,
족까,
존 나,
존나,
존.나,
존1,
존1나,
존귀,
존귘,
존ㄴ나,
JMT,
쥰내,
존나,
존버,
존내,
존똑,
존맛,
존멋,
존싫,
존쎄,
존쎼,
존예,
존웃,
존잘,
존잼,
존좋,
존트,
졸귀,
졸귘,
졸맛,
졸멋,
졸싫,
졸예,
졸웃,
졸잼,
졸좋,
좁밥,
좃,
종나,
좆,
jot같,
이 새끼,
젗같,
싸물어,
아가리,
닥쳐라,
씨버럼,
개쓰래기,
쓰래기같,
좆까,
좇,
죠낸,
죠온나,
죤나,
죤내,
죵나,
죽어버려,
줬같은,
같은새끼,
쥐랄,
씹쌔,
쥰나,
쥰니,
쥰트,
즤랄,
지 랄,
지1랄,
지뢰,
지1뢰,
지껄이,
지랄,
지롤,
ㅉ,
짱깨,
짱께,
쪼녜,
쪽1바리,
쪽바리,
쪽발,
쫂,
쫓같,
쬰잘,
쬲,
쯰질,
찌1질,
찍찍이,
찎찎이,
창년,
창놈,
凸,
첫빠,
쳐먹,
쳐발라,
취ㅈ,
취좃,
친 년,
친 놈,
친년,
친노마,
친놈,
텐귀,
텐덕,
톡디,
파1친,
파친,
펑글,
펑댓,
호로새끼,
화낭년,
화냥년,
후.려,
후1려